{
 "baseline": {
  "total_days": 919,
  "total_trades": 268,
  "total_wins": 118,
  "win_rate": 0.44029850746268656,
  "total_r": 23.2244,
  "pnl_usd": 2330.14,
  "final_equity": 52330.14,
  "max_drawdown_usd": 5385.9,
  "ambiguous_count": 21
 },
 "욚뱘off": {
  "total_days": 919,
  "total_trades": 207,
  "total_wins": 96,
  "win_rate": 0.463768115942029,
  "total_r": 34.0054,
  "pnl_usd": 5959.16,
  "final_equity": 55959.16,
  "max_drawdown_usd": 3769.8,
  "ambiguous_count": 17
 },
 "뾸썕쀷쵼0.8": {
  "total_days": 919,
  "total_trades": 154,
  "total_wins": 67,
  "win_rate": 0.43506493506493504,
  "total_r": 19.4009,
  "pnl_usd": 2631.62,
  "final_equity": 52631.62,
  "max_drawdown_usd": 4405.16,
  "ambiguous_count": 14
 },
 "욚뱘off+쀷쵼0.8": {
  "total_days": 919,
  "total_trades": 117,
  "total_wins": 53,
  "win_rate": 0.452991452991453,
  "total_r": 21.0595,
  "pnl_usd": 3828.08,
  "final_equity": 53828.08,
  "max_drawdown_usd": 2537.58,
  "ambiguous_count": 11
 },
 "욚뱘off+쀷쵼1.0": {
  "total_days": 919,
  "total_trades": 79,
  "total_wins": 33,
  "win_rate": 0.4177215189873418,
  "total_r": 12.2612,
  "pnl_usd": 2221.06,
  "final_equity": 52221.06,
  "max_drawdown_usd": 2461.26,
  "ambiguous_count": 6
 }
}