{
 "orb_full_r05_IS": {
  "total_days": 919,
  "total_trades": 742,
  "total_wins": 366,
  "win_rate": 0.49326145552560646,
  "total_r": 97.0203,
  "pnl_usd": 19821.54,
  "final_equity": 69821.54,
  "max_drawdown_usd": 4232.8,
  "ambiguous_count": 0
 },
 "orb_full_r05_OOS": {
  "total_days": 374,
  "total_trades": 137,
  "total_wins": 71,
  "win_rate": 0.5182481751824818,
  "total_r": 17.4212,
  "pnl_usd": 3857.0,
  "final_equity": 53857.0,
  "max_drawdown_usd": 1701.22,
  "ambiguous_count": 0
 },
 "orb_full_r10_IS": {
  "total_days": 919,
  "total_trades": 902,
  "total_wins": 443,
  "win_rate": 0.4911308203991131,
  "total_r": 99.8743,
  "pnl_usd": 60085.42,
  "final_equity": 110085.42,
  "max_drawdown_usd": 10369.62,
  "ambiguous_count": 0
 },
 "orb_full_r10_OOS": {
  "total_days": 374,
  "total_trades": 336,
  "total_wins": 173,
  "win_rate": 0.5148809523809523,
  "total_r": 15.7589,
  "pnl_usd": 6942.36,
  "final_equity": 56942.36,
  "max_drawdown_usd": 6865.78,
  "ambiguous_count": 0
 },
 "orb_win_eod_r05_IS": {
  "total_days": 919,
  "total_trades": 663,
  "total_wins": 318,
  "win_rate": 0.4796380090497738,
  "total_r": 74.7141,
  "pnl_usd": 12960.92,
  "final_equity": 62960.92,
  "max_drawdown_usd": 4179.76,
  "ambiguous_count": 0
 },
 "orb_win_eod_r05_OOS": {
  "total_days": 374,
  "total_trades": 133,
  "total_wins": 69,
  "win_rate": 0.518796992481203,
  "total_r": 17.1737,
  "pnl_usd": 3775.9,
  "final_equity": 53775.9,
  "max_drawdown_usd": 1593.24,
  "ambiguous_count": 0
 },
 "orb_win_eod_r10_IS": {
  "total_days": 919,
  "total_trades": 851,
  "total_wins": 417,
  "win_rate": 0.4900117508813161,
  "total_r": 94.2116,
  "pnl_usd": 58106.78,
  "final_equity": 108106.78,
  "max_drawdown_usd": 9459.24,
  "ambiguous_count": 0
 },
 "orb_win_eod_r10_OOS": {
  "total_days": 374,
  "total_trades": 318,
  "total_wins": 164,
  "win_rate": 0.5157232704402516,
  "total_r": 14.575,
  "pnl_usd": 6758.28,
  "final_equity": 56758.28,
  "max_drawdown_usd": 6009.38,
  "ambiguous_count": 0
 },
 "orb_win_flat_r05_IS": {
  "total_days": 919,
  "total_trades": 615,
  "total_wins": 316,
  "win_rate": 0.5138211382113821,
  "total_r": 30.1472,
  "pnl_usd": 4179.62,
  "final_equity": 54179.62,
  "max_drawdown_usd": 2293.68,
  "ambiguous_count": 0
 },
 "orb_win_flat_r05_OOS": {
  "total_days": 374,
  "total_trades": 130,
  "total_wins": 69,
  "win_rate": 0.5307692307692308,
  "total_r": 6.9114,
  "pnl_usd": 1267.34,
  "final_equity": 51267.34,
  "max_drawdown_usd": 1294.9,
  "ambiguous_count": 0
 },
 "orb_win_flat_r10_IS": {
  "total_days": 919,
  "total_trades": 848,
  "total_wins": 436,
  "win_rate": 0.5141509433962265,
  "total_r": 31.7105,
  "pnl_usd": 7833.24,
  "final_equity": 57833.24,
  "max_drawdown_usd": 6814.04,
  "ambiguous_count": 0
 },
 "orb_win_flat_r10_OOS": {
  "total_days": 374,
  "total_trades": 312,
  "total_wins": 166,
  "win_rate": 0.532051282051282,
  "total_r": 5.4595,
  "pnl_usd": 2314.86,
  "final_equity": 52314.86,
  "max_drawdown_usd": 3058.72,
  "ambiguous_count": 0
 }
}